Continent,Region,Country,Criminality,Criminal markets,Human trafficking,Human smuggling,Arms trafficking,Flora crimes,Fauna crimes,Non-renewable resource crimes,Heroin trade,Cocaine trade,Cannabis trade,Synthetic drug trade,Criminal actors,Mafia-style groups,Criminal networks,State-embedded actors,Foreign actors,Resilience,Political leadership and governance,Government transparency and accountability,International cooperation,National policies and laws,Judicial system and detention,Law enforcement,Territorial integrity,Anti-money laundering,Economic regulatory capacity,Victim and witness support,Prevention,Non-state actors
Asia,Western Asia,Turkey,6.89,6.40,7.00,9.00,9.00,4.00,3.00,9.50,8.00,4.00,5.00,5.50,7.38,8.00,7.50,9.00,5.00,3.54,3.00,3.00,3.50,4.50,2.00,3.00,6.50,2.00,4.00,4.00,3.50,3.50
Africa,West Africa,Cabo Verde,4.04,3.70,4.50,2.00,2.50,2.50,4.00,1.00,4.00,7.00,5.00,4.50,4.38,2.50,4.00,4.00,7.00,6.33,6.50,6.00,8.50,7.00,7.00,6.00,7.50,5.00,6.00,3.50,6.00,7.00
Africa,Southern Africa,South Africa,6.63,6.00,4.50,4.00,8.00,3.50,7.50,7.50,7.50,5.50,3.50,8.50,7.25,7.00,7.00,7.50,7.50,5.79,6.00,5.50,6.50,6.50,6.00,5.00,6.00,6.00,6.00,4.00,5.00,7.00
Americas,South America,Colombia,7.66,7.20,7.50,7.00,8.00,6.00,7.00,9.00,5.00,9.50,8.00,5.00,8.13,9.50,9.00,7.00,7.00,5.83,7.00,5.50,9.00,7.00,5.50,6.00,4.50,6.00,5.00,3.50,4.50,6.50
Americas,South America,Peru,6.35,6.20,7.00,6.00,5.50,7.00,5.50,9.00,3.50,9.00,5.50,4.00,6.50,6.00,8.00,7.00,5.00,4.58,3.00,5.50,5.00,6.00,6.00,5.00,5.00,4.50,4.00,3.50,3.00,4.50
Asia,Western Asia,Iraq,7.05,6.35,8.00,8.50,9.00,1.50,4.50,9.00,6.00,5.00,6.00,6.00,7.75,6.50,7.50,8.00,9.00,3.79,4.50,3.00,4.00,4.00,4.00,3.50,3.50,4.00,3.50,3.00,4.00,4.50
Americas,South America,Suriname,4.90,4.55,4.00,4.00,5.50,5.00,3.50,9.00,1.50,8.50,2.50,2.00,5.25,2.50,5.00,8.00,5.50,2.25,3.00,2.00,3.00,2.00,2.00,2.00,2.00,1.00,1.50,2.00,2.50,4.00
Americas,South America,Venezuela,6.64,5.65,7.50,7.50,8.00,2.50,2.50,9.00,2.00,9.00,7.00,1.50,7.63,9.50,5.00,9.00,7.00,1.92,2.00,1.50,1.50,2.00,1.50,1.50,3.50,1.50,1.00,1.00,2.00,4.00
Africa,Southern Africa,Mauritius,4.51,4.40,4.50,3.50,2.00,2.00,3.00,4.00,8.00,3.50,5.50,8.00,4.63,2.00,6.00,6.00,4.50,5.67,6.00,6.00,6.50,6.00,5.50,5.50,5.50,3.50,7.00,5.50,5.00,6.00
Africa,Southern Africa,Botswana,3.71,3.80,4.50,3.00,3.00,2.00,7.50,3.50,3.50,3.50,4.00,3.50,3.63,1.00,5.50,3.00,5.00,5.63,6.00,5.00,8.00,6.00,6.50,5.00,5.00,4.50,5.50,5.50,4.50,6.00
Asia,Western Asia,Iran,7.10,6.95,7.50,8.00,8.00,4.50,4.00,8.50,9.00,5.50,6.00,8.50,7.25,7.00,7.50,9.50,5.00,3.50,3.00,2.50,4.50,4.00,3.50,3.50,5.50,2.50,3.00,4.00,3.00,3.00
Americas,South America,Guyana,5.10,4.70,5.50,4.00,5.00,4.50,3.50,8.50,2.50,8.00,3.00,2.50,5.50,3.00,5.00,8.00,6.00,4.29,5.00,3.00,5.00,3.00,4.00,2.50,5.00,4.00,5.00,5.00,5.00,5.00
Africa,West Africa,Senegal,4.81,5.00,5.00,5.00,4.50,7.50,7.00,3.50,2.50,6.50,6.00,2.50,4.63,2.50,5.50,4.50,6.00,5.58,5.50,4.00,6.00,6.50,5.00,6.00,6.50,5.00,5.50,5.00,5.00,7.00
Americas,South America,Brazil,6.50,6.50,5.00,4.00,8.00,8.50,8.50,8.00,2.00,9.00,8.00,4.00,6.50,7.50,6.50,8.50,3.50,5.04,3.00,4.50,7.50,4.50,3.00,5.00,5.50,6.00,6.00,5.00,4.00,6.50
Asia,South-Eastern Asia,Cambodia,5.83,6.15,7.50,6.50,5.00,8.00,8.00,8.00,4.00,2.50,4.50,7.50,5.50,2.50,4.00,8.50,7.00,3.92,4.50,3.50,5.00,4.50,4.00,4.50,4.50,4.00,4.00,3.00,3.00,2.50
Africa,West Africa,Nigeria,7.15,7.05,7.50,6.00,8.00,6.00,6.50,8.00,6.00,6.50,8.00,8.00,7.25,5.50,9.00,7.50,7.00,5.50,5.50,5.00,7.00,7.00,4.50,4.50,4.50,5.00,6.50,5.00,5.00,6.50
Asia,South-Eastern Asia,Philippines,6.84,6.30,7.00,5.00,7.50,7.00,7.50,8.00,4.00,3.50,4.50,9.00,7.38,8.00,6.00,8.00,7.50,4.13,3.00,3.00,5.00,5.00,4.50,2.00,4.00,5.00,6.00,5.00,4.00,3.00
Africa,Central Africa,Rwanda,3.68,4.10,5.00,2.50,5.00,3.00,5.00,8.00,3.00,2.50,4.00,3.00,3.25,1.00,3.00,5.00,4.00,5.50,5.50,5.50,5.00,6.00,5.00,7.00,6.00,6.00,6.00,5.50,5.00,3.50
Africa,West Africa,Ghana,6.01,6.15,6.50,5.00,5.00,6.50,6.00,7.50,6.00,6.50,5.50,7.00,5.88,3.00,6.50,7.50,6.50,5.38,5.50,5.50,6.50,5.00,5.00,4.50,6.00,6.00,6.00,3.50,4.00,7.00
Africa,East Africa,Ethiopia,4.79,4.95,6.00,6.50,7.00,3.50,5.50,5.50,3.00,4.00,5.50,3.00,4.63,2.00,6.50,4.00,6.00,5.38,5.00,5.00,6.00,6.00,5.00,4.00,6.00,7.00,6.00,4.50,5.00,5.00
Americas,South America,Bolivia,4.30,4.60,5.00,2.00,4.00,7.00,5.00,8.00,2.00,8.50,2.50,2.00,4.00,3.50,2.00,6.00,4.50,4.88,5.00,4.00,5.00,6.00,3.50,5.00,5.00,4.50,5.00,5.00,6.00,4.50
Africa,East Africa,Kenya,6.95,6.65,7.50,7.00,7.50,6.00,7.00,7.00,7.50,6.00,6.50,4.50,7.25,7.00,7.50,8.00,6.50,5.21,5.00,4.50,7.00,6.00,5.50,4.50,6.00,6.00,5.00,3.00,3.50,6.50
Asia,Southern Asia,Afghanistan,7.08,6.90,8.50,8.00,8.50,6.00,4.00,8.00,9.50,1.00,7.00,8.50,7.25,7.50,8.50,9.00,4.00,2.67,3.00,2.50,3.00,3.00,2.00,3.00,3.00,3.00,3.50,2.00,2.00,2.00
Asia,South-Eastern Asia,Indonesia,6.38,6.00,6.50,6.00,4.50,7.50,8.00,7.50,3.50,4.00,6.50,6.00,6.75,6.00,7.50,7.50,6.00,4.33,4.00,3.50,5.50,5.00,3.50,4.00,4.00,4.50,4.50,5.00,4.50,4.00
Africa,West Africa,Gambia,4.83,5.15,7.00,5.00,2.50,7.00,3.50,4.50,4.50,6.50,7.00,4.00,4.50,1.00,6.50,6.50,4.00,5.00,5.00,5.00,4.50,5.00,5.00,5.50,6.50,5.50,5.50,2.50,3.50,6.50
Africa,Southern Africa,Namibia,4.33,3.90,3.50,2.50,3.00,6.50,4.50,4.00,3.00,4.50,3.00,4.50,4.75,3.00,5.00,5.00,6.00,4.96,5.00,5.00,7.00,6.50,4.50,4.50,3.50,4.50,5.00,4.00,4.00,6.00
Americas,Central America,Mexico,7.56,8.00,7.50,8.50,8.00,7.50,7.00,7.50,8.00,9.00,8.00,9.00,7.13,9.00,9.00,7.00,3.50,4.46,3.00,4.00,7.00,6.00,4.00,5.00,3.00,4.00,5.00,3.50,4.00,5.00
Africa,Central Africa,Sao Tome and Principe,1.78,1.80,1.50,1.50,2.00,2.50,2.00,1.00,2.00,2.00,2.50,1.00,1.75,1.00,2.00,2.00,2.00,4.92,6.00,5.00,7.00,7.00,6.00,5.00,5.00,3.00,3.00,4.00,3.00,5.00
Africa,North Africa,Tunisia,3.79,4.20,4.00,7.00,5.00,3.50,3.50,5.00,2.00,3.00,5.00,4.00,3.38,1.00,4.00,5.50,3.00,4.83,4.50,5.00,5.00,6.50,4.50,4.50,5.50,5.50,4.00,4.50,3.00,5.50
Africa,North Africa,Algeria,4.51,4.65,4.50,6.50,5.00,2.00,4.50,6.50,2.00,3.50,6.50,5.50,4.38,1.00,5.00,7.00,4.50,4.63,4.50,4.00,5.00,6.00,4.00,6.00,6.50,4.50,4.50,3.00,4.00,3.50
Africa,North Africa,Morocco,4.79,4.95,5.50,6.50,3.00,3.00,4.50,3.00,3.00,6.00,9.00,6.00,4.63,1.00,6.50,7.00,4.00,4.63,4.50,3.50,6.00,6.00,4.00,5.50,6.00,3.50,4.50,4.50,4.00,3.50
Africa,Southern Africa,Seychelles,3.68,3.60,4.00,3.50,3.50,4.00,4.00,1.00,7.50,3.00,3.00,2.50,3.75,2.00,4.50,4.50,4.00,4.58,5.00,5.00,6.00,5.50,6.00,4.00,4.50,3.00,3.00,4.00,5.00,4.00
Africa,East Africa,Djibouti,3.99,3.60,6.00,7.00,6.00,2.00,4.00,2.00,2.50,1.50,3.50,1.50,4.38,1.50,5.00,5.00,6.00,4.50,4.50,3.00,6.50,5.50,4.00,4.00,6.00,5.00,5.50,3.00,4.00,3.00
Asia,Southern Asia,India,5.53,6.30,7.00,6.00,5.50,5.50,8.00,7.00,6.50,3.50,7.50,6.50,4.75,3.50,6.00,6.00,3.50,5.25,4.00,5.50,7.50,4.50,5.00,5.50,6.50,6.00,5.00,3.50,5.00,5.00
Africa,Central Africa,Angola,5.29,5.20,6.00,4.00,6.00,7.00,4.50,8.50,3.00,6.00,4.50,2.50,5.38,3.00,5.50,8.00,5.00,4.42,5.00,4.50,5.00,5.00,3.50,4.50,6.00,5.00,4.00,4.00,3.50,3.00
Asia,Western Asia,Saudi Arabia,6.01,6.90,8.50,7.50,8.00,5.00,7.00,7.00,6.50,5.50,6.50,7.50,5.13,3.00,6.50,8.00,3.00,4.29,3.00,3.50,5.00,4.50,3.00,4.50,5.00,5.50,5.00,4.50,5.00,3.00
Africa,West Africa,CÃ´te d'Ivoire,6.15,6.05,6.50,6.50,7.00,6.00,6.50,7.50,3.50,5.00,6.00,6.00,6.25,3.00,7.00,7.00,8.00,4.42,4.50,4.00,6.00,4.50,5.50,5.00,4.00,5.00,3.50,3.50,3.00,4.50
Europe,Western Europe,Switzerland,4.34,4.30,5.00,3.00,6.50,1.50,3.00,7.00,2.50,5.50,5.50,3.50,4.38,4.50,4.00,1.50,7.50,7.13,9.00,6.50,7.50,6.50,7.00,7.50,8.50,5.00,6.00,8.00,6.00,8.00
Asia,Western Asia,Yemen,6.13,5.00,8.50,7.50,9.00,2.50,4.00,7.00,2.50,2.00,3.00,4.00,7.25,8.00,7.00,6.00,8.00,2.00,2.00,2.00,3.00,2.00,1.50,2.00,2.00,2.00,2.50,1.00,2.00,2.00
Asia,Central Asia and the Caucasus,Tajikistan,5.61,5.10,6.50,6.00,4.00,2.50,3.50,7.00,8.50,2.00,6.00,5.00,6.13,5.50,5.00,9.00,5.00,2.67,3.00,2.00,3.00,2.00,3.00,3.00,2.50,3.50,3.00,2.00,3.00,2.00
Africa,Southern Africa,Zambia,4.93,4.60,5.00,3.00,4.00,8.00,4.50,5.50,4.00,3.00,5.00,4.00,5.25,3.00,5.00,6.00,7.00,4.33,4.00,3.00,5.00,6.50,5.00,4.00,3.50,5.00,5.00,3.00,3.00,5.00
Asia,Western Asia,Syria,6.84,6.05,8.50,8.50,9.00,1.50,3.50,7.00,3.00,2.50,7.50,9.50,7.63,4.50,9.00,10.00,7.00,1.88,2.00,1.00,3.00,2.00,1.50,2.00,1.50,2.00,2.50,2.00,2.00,1.00
Asia,Central Asia and the Caucasus,Turkmenistan,4.61,4.35,8.50,5.00,2.00,2.00,3.00,7.00,6.50,1.50,4.00,4.00,4.88,3.00,3.50,8.50,4.50,2.17,2.00,1.50,1.50,2.50,2.00,2.00,2.00,3.50,2.00,2.00,2.00,3.00
Europe,Western Europe,Ireland,4.90,4.55,4.50,4.00,4.00,2.00,4.00,5.00,5.50,6.50,5.00,5.00,5.25,6.00,5.50,3.00,6.50,7.38,7.00,8.00,8.00,8.00,7.00,7.00,8.00,8.00,8.00,7.00,5.50,7.00
Asia,Eastern Asia,"Korea, DPR",4.78,5.30,8.00,6.50,9.00,1.00,3.00,7.00,3.50,2.00,6.00,7.00,4.25,1.00,2.00,10.00,4.00,1.96,3.50,1.00,2.00,2.00,1.50,1.50,6.00,1.00,1.50,1.00,1.00,1.50
Africa,Southern Africa,Malawi,3.83,4.15,4.50,3.50,4.50,4.00,6.00,4.00,4.50,2.50,6.00,2.00,3.50,2.00,3.00,4.00,5.00,4.29,5.00,4.50,4.50,5.50,4.00,4.00,3.00,6.00,4.00,2.00,3.50,5.50
Asia,South-Eastern Asia,Myanmar,7.59,7.05,6.50,7.50,8.00,7.00,8.00,6.50,9.50,3.50,4.50,9.50,8.13,9.00,7.50,8.50,7.50,3.42,3.00,3.00,5.00,4.50,3.50,4.00,3.00,3.00,3.00,2.00,3.00,4.00
Asia,Southern Asia,Nepal,6.16,5.70,7.00,6.50,6.00,7.00,7.00,6.50,4.50,3.50,5.00,4.00,6.63,4.50,6.50,8.50,7.00,3.71,2.50,2.00,4.50,3.50,3.00,4.50,4.00,3.00,4.50,4.50,3.50,5.00
Africa,East Africa,Tanzania,6.15,6.55,6.50,6.50,5.50,7.50,8.00,6.50,7.50,5.00,7.00,5.50,5.75,3.00,7.00,7.00,6.00,4.04,5.50,2.00,4.00,5.50,5.00,4.00,4.50,5.50,5.00,3.00,3.00,1.50
Americas,South America,Ecuador,6.25,6.00,6.00,5.50,7.50,6.00,6.00,6.50,6.00,7.00,4.00,5.50,6.50,6.50,5.50,6.50,7.50,5.71,5.00,5.50,6.00,6.50,5.50,6.00,4.50,7.00,5.50,5.00,5.00,7.00
Africa,North Africa,Egypt,5.16,4.95,5.50,5.50,7.00,1.00,5.00,4.00,5.50,2.00,7.00,7.00,5.38,3.00,5.50,8.00,5.00,4.04,3.50,3.00,4.50,4.50,3.50,5.00,6.00,6.00,4.50,3.00,2.50,2.50
Americas,Central America,Costa Rica,4.99,4.85,5.00,5.00,5.00,5.00,6.00,6.50,1.00,7.00,4.50,3.50,5.13,6.50,6.00,1.50,6.50,5.50,7.00,6.50,6.00,6.50,5.00,5.00,5.00,4.00,4.50,5.00,5.00,6.50
Africa,West Africa,Togo,5.33,4.90,6.00,3.50,4.00,5.00,6.00,6.00,3.00,5.00,6.50,4.00,5.75,1.00,7.00,7.50,7.50,4.00,3.00,3.00,5.50,4.50,3.50,4.00,4.00,3.00,4.50,4.50,4.00,4.50
Asia,Western Asia,Bahrain,4.83,5.65,7.50,5.50,5.50,4.00,6.00,6.50,5.00,4.00,6.00,6.50,4.00,1.00,6.00,4.00,5.00,5.54,6.00,5.00,7.00,5.50,5.00,5.00,6.50,5.50,6.00,5.50,5.50,4.00
Africa,East Africa,Uganda,6.14,5.65,7.00,5.00,6.50,6.00,6.50,7.00,5.00,3.50,6.00,4.00,6.63,5.00,7.00,7.50,7.00,3.96,5.00,2.00,5.00,5.00,4.00,4.00,5.50,3.00,3.50,2.00,4.00,4.50
Asia,Central Asia and the Caucasus,Uzbekistan,4.96,4.55,7.50,6.00,3.00,3.00,3.50,6.50,6.50,1.50,4.00,4.00,5.38,5.00,4.50,7.00,5.00,3.79,3.00,3.00,4.00,4.00,3.00,3.50,4.50,3.50,4.50,4.00,5.00,3.50
Asia,South-Eastern Asia,Vietnam,6.28,6.05,6.50,7.00,4.00,6.50,8.50,6.00,7.00,4.00,4.50,6.50,6.50,6.00,7.00,7.00,6.00,4.67,5.00,4.50,5.50,5.50,4.00,4.50,5.00,5.50,5.00,5.00,4.50,2.00
Asia,South-Eastern Asia,Thailand,5.76,6.40,6.50,7.00,5.50,6.50,8.00,6.00,7.50,4.00,5.00,8.00,5.13,1.50,5.00,6.50,7.50,4.67,5.00,4.50,6.00,5.50,4.00,5.00,4.00,4.50,4.50,4.50,5.00,3.50
Americas,Central America,Panama,6.68,6.35,8.00,5.50,6.50,6.00,8.00,6.00,5.00,8.50,5.00,5.00,7.00,7.50,7.00,7.50,6.00,4.83,4.50,4.00,6.00,6.00,3.00,4.50,6.00,4.50,6.00,4.00,4.00,5.50
Asia,Western Asia,United Arab Emirates,5.75,6.75,8.50,6.50,6.50,5.50,7.50,6.00,7.00,6.00,6.50,7.50,4.75,1.00,6.00,6.00,6.00,5.33,5.50,5.00,5.50,5.50,5.50,6.00,5.50,4.00,5.50,6.50,6.50,3.00
Americas,Central America,Nicaragua,6.06,5.50,6.00,5.50,6.00,6.00,6.00,6.00,2.50,7.50,6.00,3.50,6.63,5.00,6.50,9.00,6.00,2.46,2.00,1.00,2.50,3.50,2.50,3.00,2.50,3.00,2.00,2.00,3.50,2.00
Asia,Western Asia,Kuwait,5.14,6.15,8.00,6.50,6.50,5.50,6.00,6.00,5.00,4.50,6.50,7.00,4.13,1.00,6.00,6.00,3.50,5.54,5.00,4.50,6.00,5.50,5.50,6.00,5.50,5.50,6.50,5.50,5.50,5.50
Africa,Southern Africa,Lesotho,3.90,3.55,4.00,3.00,3.00,1.00,2.50,5.50,3.50,5.50,4.50,3.00,4.25,1.00,5.00,6.00,5.00,3.67,4.00,3.50,6.00,5.50,3.00,3.00,2.50,5.00,3.00,2.50,2.00,4.00
Africa,West Africa,Burkina Faso,5.49,5.35,6.00,4.00,8.00,4.00,6.00,8.50,4.00,4.00,3.00,6.00,5.63,3.50,6.50,6.50,6.00,3.63,3.50,4.00,5.50,5.00,4.00,3.00,3.00,3.00,3.00,2.50,2.00,5.00
Americas,Caribbean,Haiti,5.73,5.45,6.50,6.50,5.50,6.50,4.00,6.00,2.00,8.00,6.00,3.50,6.00,8.00,6.00,7.00,3.00,2.67,2.00,2.00,3.00,4.00,3.00,2.00,2.00,3.00,2.00,1.50,3.00,4.50
Asia,Central Asia and the Caucasus,Azerbaijan,5.08,4.15,4.50,3.00,3.00,3.50,3.50,6.00,6.00,3.00,5.00,4.00,6.00,5.50,5.50,7.50,5.50,4.08,3.50,3.50,5.50,4.00,2.50,4.00,5.00,4.50,4.00,4.00,5.00,3.50
Asia,South-Eastern Asia,Malaysia,5.94,6.25,6.50,7.00,5.50,6.00,8.00,5.50,6.50,5.00,5.00,7.50,5.63,4.50,5.50,6.00,6.50,5.83,4.50,5.50,7.00,7.00,5.00,5.50,5.50,5.50,7.00,6.00,6.00,5.50
Africa,West Africa,Benin,5.25,5.25,6.00,4.00,5.50,6.00,5.50,5.00,4.50,6.00,4.00,6.00,5.25,1.00,6.00,6.00,8.00,3.54,4.00,4.50,4.00,3.00,3.00,4.00,3.50,3.00,4.00,3.00,2.00,4.50
Oceania,Melanesia,Papua New Guinea,5.44,5.00,7.00,4.00,5.50,8.00,5.00,5.50,1.00,4.00,5.50,4.50,5.88,1.00,8.00,8.00,6.50,3.42,3.00,2.00,4.50,5.00,4.50,3.00,3.00,4.50,3.00,3.00,2.50,3.00
Asia,Western Asia,Oman,4.14,4.90,6.00,4.00,5.00,5.00,5.00,5.50,5.00,3.00,4.50,6.00,3.38,1.00,5.00,4.00,3.50,5.25,4.50,4.50,6.50,6.50,5.50,7.50,5.50,5.00,4.50,4.00,4.00,5.00
Asia,Southern Asia,Pakistan,6.28,6.30,8.00,7.00,8.00,4.50,5.00,5.50,8.50,3.00,7.00,6.50,6.25,6.00,7.50,7.00,4.50,4.00,3.50,3.50,5.00,5.00,3.00,4.00,4.00,4.00,4.00,3.50,4.00,4.50
Africa,West Africa,Sierra Leone,5.40,5.05,5.00,4.00,3.50,6.50,6.50,6.50,2.00,4.50,7.00,5.00,5.75,3.50,5.50,7.00,7.00,3.46,3.50,3.50,4.00,2.50,2.00,4.00,4.00,3.50,3.00,2.50,4.00,5.00
Europe,Western Europe,France,5.66,5.70,6.00,6.50,6.00,4.00,5.50,4.50,6.00,6.50,6.50,5.50,5.63,6.00,6.50,3.00,7.00,6.83,6.00,7.00,8.50,7.50,6.50,7.00,5.00,8.00,8.00,5.00,6.50,7.00
Europe,Western Europe,Netherlands,4.69,5.00,5.50,4.50,5.00,3.00,4.00,4.00,4.00,7.00,5.50,7.50,4.38,4.50,6.00,2.50,4.50,7.42,7.50,8.00,8.00,7.50,7.50,7.50,6.00,6.50,6.50,8.00,8.00,8.00
Asia,Central Asia and the Caucasus,Kyrgyzstan,5.33,4.40,6.50,4.50,3.00,2.00,3.50,5.50,7.00,2.00,5.50,4.50,6.25,5.50,6.50,8.50,4.50,4.17,3.50,3.00,4.50,5.00,3.00,3.50,4.50,3.00,5.00,4.50,5.00,5.50
Europe,Western Europe,Andorra,2.96,2.55,2.50,3.00,3.00,1.00,1.00,3.50,2.00,3.50,4.50,1.50,3.38,1.00,4.00,1.50,7.00,7.75,7.00,7.00,8.00,8.00,8.00,8.00,8.00,6.00,8.00,8.50,8.00,8.50
Africa,Southern Africa,Madagascar,5.59,5.30,6.00,3.00,4.50,7.50,7.00,7.50,7.00,2.50,6.00,2.00,5.88,4.00,5.00,7.50,7.00,3.38,4.00,2.00,3.00,4.00,3.00,3.50,5.00,5.00,2.00,2.00,4.00,3.00
Asia,Western Asia,Israel,4.41,4.20,5.50,2.50,5.50,1.50,2.00,5.50,3.00,4.50,6.50,5.50,4.63,5.50,4.00,5.00,4.00,6.00,6.00,5.00,6.00,7.00,5.00,5.50,3.50,7.00,7.00,6.00,6.00,8.00
Europe,Western Europe,Belgium,4.34,5.05,5.00,5.50,5.50,2.50,3.50,3.00,4.00,7.50,6.50,7.50,3.63,3.00,4.50,2.00,5.00,7.00,7.00,7.00,8.00,7.00,6.00,7.00,6.00,7.00,7.00,7.50,6.50,8.00
Asia,Western Asia,Qatar,5.21,5.80,8.00,6.00,6.50,5.00,6.50,5.00,4.50,4.00,6.00,6.50,4.63,1.00,6.00,6.00,5.50,5.58,5.00,5.50,5.50,5.00,5.00,5.50,7.00,6.00,6.00,6.00,6.00,4.50
Americas,Central America,Honduras,6.98,5.70,6.50,6.50,6.00,7.00,6.00,5.00,2.00,7.50,7.50,3.00,8.25,8.50,8.00,8.50,8.00,3.92,2.50,3.50,5.50,4.00,3.00,4.50,4.50,4.00,3.50,3.00,4.50,4.50
Africa,Southern Africa,Mozambique,6.53,6.05,4.00,5.00,5.50,8.00,8.00,8.00,7.50,3.50,4.00,7.00,7.00,3.50,8.00,9.00,7.50,3.29,3.00,3.50,5.00,5.50,2.00,2.00,3.50,3.00,4.00,3.00,2.00,3.00
Europe,Western Europe,Germany,4.90,4.80,5.50,7.00,6.00,1.50,3.50,2.50,4.50,6.50,5.00,6.00,5.00,5.00,6.50,2.00,6.50,7.67,7.00,7.50,8.00,8.00,7.50,7.50,9.00,6.50,7.00,8.00,8.00,8.00
Europe,Western Europe,United Kingdom,4.89,4.40,6.00,5.00,3.50,2.50,4.00,2.00,4.50,6.50,4.50,5.50,5.38,4.00,6.50,3.00,8.00,7.88,8.00,7.50,8.00,8.50,8.50,7.50,8.50,6.50,7.50,7.50,7.50,9.00
Europe,Western Europe,Austria,4.04,3.95,4.50,5.00,6.50,2.00,2.50,2.00,4.50,3.50,4.50,4.50,4.13,2.00,4.00,4.00,6.50,7.42,7.00,6.50,7.00,8.00,8.00,8.50,8.00,6.00,7.00,8.00,8.00,7.00
Africa,Central Africa,"Congo, Rep.",5.03,4.80,6.50,4.50,5.00,8.00,7.00,3.50,2.50,5.00,4.00,2.00,5.25,3.00,6.00,8.00,4.00,3.25,3.00,1.50,5.00,5.00,2.00,4.50,3.00,3.00,3.00,2.00,4.00,3.00
Asia,Western Asia,Lebanon,6.76,5.90,8.50,6.50,7.50,1.50,3.00,5.00,4.00,6.00,9.00,8.00,7.63,6.00,7.00,9.50,8.00,4.00,4.50,3.50,6.50,4.00,4.00,3.50,3.00,3.00,2.00,5.00,3.50,5.50
Europe,Western Europe,Liechtenstein,1.88,2.00,2.00,1.50,2.50,1.50,1.50,1.50,2.00,2.50,3.00,2.00,1.75,1.00,1.50,1.50,3.00,8.42,9.00,8.00,7.50,9.00,9.00,8.00,9.50,5.00,8.50,9.50,9.50,8.50
Asia,Eastern Asia,China,6.01,5.90,6.50,6.00,2.50,8.50,9.00,4.50,6.50,3.50,4.00,8.00,6.13,7.00,7.50,7.00,3.00,5.46,6.00,4.00,6.00,7.00,5.00,5.50,7.00,6.00,7.00,4.00,6.00,2.00
Asia,Southern Asia,Bhutan,3.69,3.75,5.00,3.00,2.00,7.00,5.50,4.50,2.00,1.50,4.00,3.00,3.63,4.00,3.50,3.00,4.00,4.58,6.00,6.00,4.50,4.50,5.50,5.00,3.50,4.00,5.00,3.50,4.00,3.50
Europe,Western Europe,Luxembourg,2.36,2.35,3.50,2.00,2.00,1.00,1.50,1.50,3.50,3.00,2.50,3.00,2.38,1.00,2.00,1.50,5.00,7.50,8.00,6.50,9.00,7.00,7.50,7.00,8.00,6.00,8.00,7.00,8.00,8.00
Americas,North America,United States,5.50,5.50,5.50,4.50,6.50,2.50,5.50,4.50,6.50,7.00,5.00,7.50,5.50,5.00,6.50,5.00,5.50,6.58,4.50,5.50,7.00,6.50,6.00,8.00,6.50,6.50,8.00,7.00,6.00,7.50
Asia,Central Asia and the Caucasus,Kazakhstan,4.26,4.15,5.50,4.00,2.00,2.00,5.00,4.50,6.50,2.50,4.50,5.00,4.38,3.50,4.00,6.00,4.00,4.71,5.00,4.00,5.50,5.50,5.00,4.50,5.00,5.00,5.00,4.50,4.00,3.50
Americas,Caribbean ,Dominican Republic,5.15,5.30,6.00,6.00,4.00,4.50,4.00,4.50,6.50,8.00,5.00,4.50,5.00,5.00,5.50,5.50,4.00,4.67,5.00,3.00,7.00,5.00,4.00,4.50,5.50,4.00,5.00,4.00,4.00,5.00
Africa,Southern Africa,Eswatini,3.63,3.25,4.00,3.00,4.00,2.00,2.00,3.00,3.00,3.00,5.50,3.00,4.00,1.50,5.50,5.00,4.00,3.25,3.00,2.50,5.00,4.00,2.50,3.00,3.50,4.00,2.00,3.00,4.00,2.50
Europe,Southern Europe,Italy,5.81,5.25,7.00,6.50,5.50,2.50,3.50,5.50,4.50,7.50,5.00,5.00,6.38,9.00,3.00,6.50,7.00,6.29,6.50,5.00,8.50,8.00,5.00,7.50,6.50,5.50,5.00,5.50,5.50,7.00
Africa,West Africa,Niger,6.01,5.90,7.00,7.00,8.00,2.00,4.50,7.50,3.00,6.00,7.00,7.00,6.13,4.00,7.00,8.50,5.00,3.21,3.50,2.50,5.50,4.00,2.50,4.00,4.00,3.00,3.00,2.00,2.00,2.50
Europe,Southern Europe,Malta,4.65,4.05,5.00,4.00,2.50,1.00,5.00,5.00,3.00,5.00,4.50,5.50,5.25,1.50,7.00,7.50,5.00,5.17,4.50,4.50,7.50,6.00,4.50,4.00,4.50,4.50,6.50,7.50,4.00,4.00
Africa,Southern Africa,Zimbabwe,5.66,5.20,5.50,3.50,4.00,5.50,7.50,8.00,4.00,3.00,6.00,5.00,6.13,3.50,7.50,8.00,5.50,3.17,2.00,3.00,3.00,3.00,3.00,3.00,5.00,4.00,3.00,2.00,3.00,4.00
Africa,West Africa,Liberia,5.05,5.10,6.00,3.00,4.50,5.50,6.00,6.50,5.00,5.50,6.00,3.00,5.00,3.00,6.00,6.00,5.00,3.17,3.50,3.00,3.00,3.00,3.50,4.00,4.00,3.00,4.00,1.00,2.00,4.00
Asia,Eastern Asia,Mongolia,4.01,3.90,4.50,3.00,3.50,5.50,4.50,4.00,2.00,2.00,4.00,6.00,4.13,2.00,4.50,4.50,5.50,5.08,5.00,5.00,6.00,6.50,4.00,5.00,5.00,4.00,3.50,4.00,6.50,6.50
Africa,Central Africa,Gabon,4.90,4.80,5.50,5.50,4.50,8.50,7.00,3.00,2.50,2.50,4.00,5.00,5.00,1.00,5.00,8.00,6.00,3.17,2.00,2.00,5.00,4.00,3.00,4.50,4.50,2.00,2.00,3.00,3.50,2.50
Europe,Southern Europe,Portugal,4.55,4.10,4.50,4.00,4.00,3.50,3.50,3.00,4.50,5.00,4.50,4.50,5.00,4.50,6.00,4.50,5.00,6.46,7.00,5.50,7.50,7.00,5.50,7.50,6.00,6.50,5.50,7.00,5.50,7.00
Europe,Southern Europe,Greece,4.93,4.10,5.50,7.50,3.50,2.00,2.50,3.00,6.00,3.50,5.00,2.50,5.75,3.00,6.50,7.50,6.00,5.25,5.50,5.00,6.50,6.00,4.50,5.00,5.50,5.50,5.50,4.00,5.00,5.00
Americas,Caribbean ,Cuba,3.44,4.00,6.00,6.00,1.50,4.00,3.00,4.00,2.50,4.00,5.00,4.00,2.88,4.00,2.50,4.00,1.00,5.38,6.50,2.50,6.50,6.00,3.00,7.00,8.00,5.50,5.50,4.00,7.00,3.00
Africa,Central Africa,Cameroon,6.31,6.25,6.50,5.50,6.50,7.00,7.50,7.50,4.50,3.50,7.00,7.00,6.38,4.00,7.50,8.00,6.00,3.13,2.00,1.50,5.00,4.50,2.50,4.00,2.00,3.50,2.50,2.50,2.50,5.00
Africa,North Africa,Mauritania,4.38,4.00,7.50,6.00,4.00,1.00,3.50,3.50,1.50,4.50,6.50,2.00,4.75,2.50,4.50,7.00,5.00,3.08,4.00,3.50,3.00,3.50,2.50,3.00,4.50,4.00,3.00,1.50,2.00,2.50
Africa,East Africa,Sudan,6.46,5.55,8.00,7.50,8.50,1.50,5.50,7.50,2.00,2.50,8.00,4.50,7.38,6.50,7.50,8.00,7.50,2.96,3.00,2.00,5.00,4.50,3.50,3.50,2.50,4.00,2.50,1.00,2.00,2.00
Africa,West Africa,Guinea,5.20,5.15,7.00,3.00,6.00,4.50,6.00,6.50,2.50,7.00,4.50,4.50,5.25,1.00,5.00,8.00,7.00,2.83,2.00,3.00,4.00,3.50,3.00,3.50,3.00,3.00,3.00,1.50,1.50,3.00
Americas,South America,Paraguay,6.70,5.90,7.00,6.00,8.50,6.00,6.50,3.50,1.00,7.00,9.00,4.50,7.50,6.00,7.50,8.00,8.50,3.38,2.00,3.00,5.00,3.00,3.00,3.00,5.00,2.50,4.00,2.00,3.00,5.00
Asia,Southern Asia,Bangladesh,4.98,4.95,8.00,6.00,5.00,4.00,5.00,3.50,4.50,3.00,4.00,6.50,5.00,5.50,5.50,7.00,2.00,4.13,3.50,4.00,5.50,5.00,3.00,4.00,5.00,4.50,3.50,3.50,4.00,4.00
Asia,Central Asia and the Caucasus,Armenia,3.26,3.40,3.50,2.00,2.50,4.00,4.50,3.50,4.00,2.00,4.00,4.00,3.13,3.00,3.00,3.50,3.00,5.71,6.00,6.00,6.50,6.00,4.50,6.00,5.50,6.00,5.50,5.50,5.00,6.00
Europe,Southern Europe,Spain,5.78,5.30,7.00,7.00,4.00,3.50,5.00,2.00,6.50,7.00,7.00,4.00,6.25,6.00,6.50,5.00,7.50,6.63,6.00,6.00,8.00,8.00,7.00,8.00,5.50,6.50,6.00,6.50,5.00,7.00
Europe,Southern Europe,Cyprus,4.19,3.50,5.50,6.00,2.50,2.50,3.00,2.00,2.00,4.50,4.00,3.00,4.88,3.50,5.00,4.00,7.00,4.42,5.00,5.00,6.50,6.00,4.00,5.50,3.00,3.00,3.50,4.00,3.50,4.00
Europe,Southern Europe,Monaco,2.43,1.60,1.50,1.00,1.50,1.00,1.00,1.50,2.00,2.00,2.50,2.00,3.25,1.00,3.00,3.50,5.50,5.38,3.50,4.00,5.00,6.00,8.00,7.00,6.00,4.50,4.00,8.00,4.50,4.00
Africa,Central Africa,Chad,5.86,5.35,7.00,7.00,8.00,1.50,3.50,7.00,2.00,4.50,6.00,7.00,6.38,5.50,6.50,8.50,5.00,2.46,3.50,2.50,5.00,2.50,2.00,2.50,3.50,2.00,2.00,1.00,1.00,2.00
Oceania,Micronesia,Nauru,1.76,1.65,1.50,2.50,1.00,1.00,3.00,3.50,1.00,1.00,1.00,1.00,1.88,1.00,1.00,3.50,2.00,4.67,5.00,4.50,6.00,6.50,6.00,5.50,7.50,6.00,4.00,2.00,1.00,2.00
Europe,Southern Europe,San Marino,3.01,1.90,2.00,1.50,3.00,1.00,1.00,1.50,2.00,3.50,2.50,1.00,4.13,2.00,4.00,4.50,6.00,5.13,4.00,4.00,5.50,5.50,6.50,5.00,6.00,4.00,5.50,5.50,4.50,5.50
Africa,West Africa,Guinea-Bissau,5.45,4.90,5.50,2.50,5.50,8.50,5.50,1.00,5.00,8.00,5.50,2.00,6.00,1.00,8.00,8.50,6.50,2.42,2.00,2.50,3.00,3.00,3.00,3.00,3.00,2.50,1.50,1.00,1.50,3.00
Asia,Eastern Asia,Japan,4.53,4.05,5.00,4.50,3.00,4.00,6.00,3.00,2.00,3.00,4.50,5.50,5.00,6.50,5.50,3.00,5.00,7.46,6.00,7.50,9.00,7.50,8.00,7.50,8.50,8.00,8.00,5.50,6.00,8.00
Europe,Northern Europe,Norway,3.81,4.00,5.00,3.50,3.50,2.50,4.00,3.50,5.00,4.50,4.00,4.50,3.63,4.50,4.00,2.00,4.00,7.92,8.00,8.50,9.00,8.50,8.00,8.50,8.00,7.00,7.50,7.50,7.00,7.50
Americas,Central America,Belize,4.64,4.40,5.00,5.00,4.50,5.50,4.50,3.00,3.50,4.50,5.50,3.00,4.88,6.50,3.50,4.50,5.00,3.13,5.00,2.50,3.00,3.00,4.00,4.50,2.00,2.00,1.50,3.00,3.00,4.00
Africa,West Africa,Mali,5.89,6.15,7.00,6.00,8.00,5.00,5.50,7.50,3.00,6.00,7.00,6.50,5.63,3.00,7.00,8.50,4.00,2.38,2.00,3.00,4.00,2.50,2.50,2.00,1.50,2.50,2.00,1.50,2.00,3.00
Asia,Southern Asia,Sri Lanka,4.64,4.65,5.50,6.00,5.00,3.00,4.50,3.00,6.00,3.00,5.50,5.00,4.63,4.00,5.00,7.00,2.50,4.04,4.00,3.50,5.50,5.50,3.50,3.50,4.00,5.00,5.00,3.00,2.50,3.50
Europe,Northern Europe,Estonia,3.60,3.45,4.50,3.00,3.00,1.50,1.50,3.00,3.00,3.50,5.00,6.50,3.75,3.00,5.00,2.00,5.00,7.83,8.00,8.00,8.50,8.00,8.00,7.00,8.00,7.50,8.00,7.50,8.00,7.50
Europe,Northern Europe,Sweden,4.56,4.25,4.50,5.50,6.00,2.00,3.50,2.00,4.00,4.50,5.00,5.50,4.88,5.50,5.50,2.50,6.00,7.46,7.00,9.00,8.50,7.00,7.00,6.50,8.00,7.50,7.50,6.00,7.00,8.50
Asia,Central Asia and the Caucasus,Georgia,2.96,3.05,3.50,2.00,2.00,3.50,3.50,3.00,3.50,2.00,3.50,4.00,2.88,2.50,3.00,3.00,3.00,5.71,5.00,6.50,7.00,6.50,3.50,6.50,5.00,5.00,5.00,7.00,5.50,6.00
Europe,Northern Europe,Denmark,3.86,3.85,4.00,4.50,4.00,1.50,2.00,2.00,5.00,5.50,5.00,5.00,3.88,5.00,4.00,2.00,4.50,8.21,9.00,9.00,8.50,9.00,7.50,8.00,8.50,5.50,8.50,7.50,8.50,9.00
Americas,South America,Argentina,4.38,3.75,4.00,3.00,3.00,3.00,3.50,3.00,2.00,6.50,6.50,3.00,5.00,4.00,6.00,5.00,5.00,6.33,7.00,5.00,6.00,7.00,6.00,6.50,6.00,7.00,6.00,6.00,5.50,8.00
Europe,Northern Europe,Latvia,3.51,3.65,4.50,3.50,3.50,1.00,2.00,2.00,4.50,5.00,5.50,5.00,3.38,3.50,3.50,2.00,4.50,7.42,7.50,6.00,8.50,8.00,7.50,7.50,8.50,5.50,8.00,7.50,7.50,7.00
Europe,Northern Europe,Lithuania,3.31,3.00,3.50,2.50,2.50,1.00,2.00,2.00,4.00,4.50,4.00,4.00,3.63,3.50,4.00,4.00,3.00,7.21,7.50,7.00,7.50,7.00,7.50,7.00,8.00,6.50,7.50,7.00,6.50,7.50
Americas,North America,Canada,3.66,3.45,3.50,4.00,2.50,2.00,3.00,3.00,5.00,3.50,3.00,5.00,3.88,5.00,4.00,2.00,4.50,7.25,7.50,7.00,8.00,8.00,7.00,7.00,6.00,6.50,7.50,8.50,6.00,8.00
Europe,Northern Europe,Finland,2.71,2.80,3.00,2.50,2.50,1.00,1.50,2.00,3.50,4.00,3.50,4.50,2.63,3.00,3.00,1.50,3.00,8.42,9.00,8.50,9.00,8.00,8.00,8.00,9.00,8.50,9.00,8.00,8.00,8.00
Americas,Caribbean ,Grenada,3.05,2.85,2.00,1.00,3.00,1.00,2.50,3.00,1.00,6.50,7.00,1.50,3.25,4.00,2.00,3.00,4.00,4.67,5.00,5.00,5.00,5.00,5.00,6.00,6.00,4.00,5.00,3.00,4.00,3.00
Europe,Northern Europe,Iceland,3.39,2.65,4.00,3.00,1.50,1.00,1.50,1.00,1.50,4.50,4.00,4.50,4.13,4.50,5.00,2.00,5.00,8.04,7.00,7.50,8.50,8.50,8.50,8.50,8.50,8.00,8.50,7.00,7.50,8.50
Africa,Southern Africa,Comoros,3.86,3.85,5.00,5.50,3.50,3.00,5.50,1.00,4.00,2.00,3.00,6.00,3.88,1.00,4.50,6.00,4.00,2.38,2.00,2.00,3.00,2.50,2.00,2.00,3.00,4.00,3.00,1.50,1.50,2.00
Europe,Central & Eastern Europe,Ukraine,6.18,5.60,7.00,6.50,8.00,6.50,4.00,7.00,5.00,3.50,5.00,3.50,6.75,6.00,7.00,8.00,6.00,4.00,3.50,4.00,5.50,4.00,4.50,3.50,2.00,4.00,4.50,3.50,4.00,5.00
Oceania,Melanesia,Solomon Islands,4.15,3.55,4.00,2.00,3.00,8.00,7.50,2.50,1.00,2.50,3.50,1.50,4.75,1.00,4.50,7.00,6.50,5.21,5.00,4.50,5.50,4.50,5.50,6.00,5.00,5.00,5.00,4.50,6.50,5.50
Americas,Central America,Guatemala,6.48,5.95,6.50,7.00,7.00,4.00,4.00,2.50,7.50,8.50,6.50,6.00,7.00,7.50,6.00,7.00,7.50,4.42,3.50,4.00,5.50,5.50,4.00,5.00,3.50,5.00,4.00,4.00,4.00,5.00
Europe,Central & Eastern Europe,Albania,5.63,5.25,5.00,6.50,4.50,4.50,3.50,5.50,6.00,7.00,7.00,3.00,6.00,7.00,7.50,7.00,2.50,5.04,5.50,4.50,6.50,6.00,5.00,5.50,5.50,4.00,4.00,4.50,5.00,4.50
Europe,Central & Eastern Europe,Poland,4.01,4.40,5.50,4.50,3.50,2.00,2.50,5.50,4.00,4.50,5.50,6.50,3.63,2.00,5.50,3.50,3.50,6.13,5.50,4.00,7.00,7.00,5.50,6.50,7.50,7.00,7.50,5.00,6.00,5.00
Oceania,Melanesia,Kiribati,2.35,2.45,4.50,1.50,2.00,1.00,6.50,2.00,1.00,3.00,2.00,1.00,2.25,1.00,4.00,1.50,2.50,4.33,5.50,5.50,5.50,6.00,4.00,5.00,4.00,4.00,3.00,1.00,3.00,5.50
Europe,Central & Eastern Europe,Russia,6.24,6.10,6.50,6.00,4.50,7.50,7.50,5.00,7.00,4.50,5.00,7.50,6.38,4.50,7.50,8.50,5.00,4.04,4.00,3.00,4.50,5.50,4.00,4.50,5.50,4.00,4.00,2.50,3.50,3.50
Asia,South-Eastern Asia,Timor-Leste,3.96,3.55,4.00,5.00,4.00,3.00,5.00,2.00,2.50,2.50,3.50,4.00,4.38,5.00,4.00,4.50,4.00,3.67,3.00,3.00,3.50,4.50,4.00,4.50,3.00,4.00,3.00,3.50,3.50,4.50
Africa,East Africa,Eritrea,4.34,4.05,9.00,9.50,6.50,1.50,2.00,2.00,3.00,1.50,4.00,1.50,4.63,1.00,5.50,9.50,2.50,2.33,1.00,1.00,2.00,2.50,2.00,3.00,7.00,3.00,2.50,1.00,2.00,1.00
Asia,Eastern Asia,"Korea, Rep.",4.91,3.95,6.00,4.50,3.50,4.00,4.50,2.00,3.50,3.50,3.00,5.00,5.88,6.50,6.00,4.50,6.50,7.54,8.00,7.00,8.00,8.00,8.50,8.00,7.00,7.00,6.50,6.50,8.00,8.00
Americas,South America,Chile,4.60,4.45,4.00,4.50,5.50,4.00,4.50,2.00,2.00,7.00,6.50,4.50,4.75,4.00,5.50,4.50,5.00,6.42,7.00,7.00,8.00,6.00,6.00,4.00,4.00,6.50,7.00,7.00,6.50,8.00
Oceania,Melanesia,Fiji,3.90,3.80,5.00,3.50,2.00,3.00,4.50,2.00,2.00,4.50,5.00,6.50,4.00,1.00,6.50,3.00,5.50,5.25,6.00,5.50,5.00,5.50,4.50,5.00,4.50,6.00,6.00,4.00,5.00,6.00
Americas,Caribbean ,Bahamas,3.79,3.95,4.50,5.00,4.50,1.00,4.50,2.00,4.00,7.00,4.00,3.00,3.63,3.50,2.00,3.00,6.00,5.21,6.00,6.00,6.00,6.00,3.50,6.00,5.00,4.50,4.00,6.50,5.00,4.00
Asia,South-Eastern Asia,Brunei,2.76,3.15,4.50,4.00,2.50,3.00,4.00,2.00,2.50,1.50,3.50,4.00,2.38,1.00,2.50,2.00,4.00,4.58,4.00,4.00,4.50,4.50,4.00,5.00,5.50,5.50,6.50,3.50,4.50,3.50
Europe,Central & Eastern Europe,Bulgaria,5.43,5.10,6.00,5.00,3.50,5.50,5.00,5.00,6.00,4.00,5.00,6.00,5.75,4.50,6.50,7.50,4.50,5.29,4.50,5.00,6.50,6.00,5.50,5.50,6.50,6.00,4.50,4.50,5.00,4.00
Africa,Central Africa,"Congo, Dem. Rep.",7.75,6.50,7.00,5.50,9.00,8.50,8.00,9.00,4.00,4.50,7.00,2.50,9.00,9.00,9.00,9.00,9.00,2.29,1.00,1.00,4.00,3.00,2.50,1.50,2.00,2.00,1.50,2.00,2.00,5.00
Oceania,Australia and New Zealand,Australia,4.00,3.75,3.50,3.00,3.50,3.00,3.50,2.00,3.50,5.00,3.50,7.00,4.25,5.00,6.00,2.00,4.00,7.96,8.00,8.50,9.00,8.00,8.00,8.00,9.00,7.00,7.00,7.50,7.50,8.00
Europe,Central & Eastern Europe,Belarus,5.08,4.40,7.00,5.50,6.50,3.00,2.00,5.00,4.00,2.00,4.00,5.00,5.75,4.00,5.00,9.00,5.00,3.79,3.50,2.00,3.00,4.00,3.00,5.00,4.50,4.50,5.00,3.00,5.00,3.00
Oceania,Polynesia,Tonga,3.78,3.30,3.50,1.00,5.00,1.00,3.50,2.00,1.50,4.00,5.00,6.50,4.25,1.00,4.50,5.00,6.50,5.21,5.00,5.50,6.50,6.00,4.00,5.00,5.50,5.00,5.00,5.00,4.00,6.00
Europe,Central & Eastern Europe,Croatia,5.06,4.75,4.50,6.00,3.50,5.00,2.50,4.50,5.00,5.50,5.50,5.50,5.38,4.00,6.50,6.50,4.50,5.58,5.00,5.50,6.50,6.00,5.00,6.00,6.50,6.50,4.50,5.50,5.00,5.00
Europe,Central & Eastern Europe,Romania,4.59,5.05,6.50,5.50,3.50,6.00,5.00,4.00,5.50,5.50,4.50,4.50,4.13,4.00,5.00,3.50,4.00,5.58,5.50,5.50,6.50,6.00,6.00,5.50,6.50,5.50,5.00,5.00,5.00,5.00
Africa,Central Africa,Equatorial Guinea,4.11,3.85,4.50,2.00,5.00,8.50,5.00,6.00,1.50,1.50,3.50,1.00,4.38,1.00,2.50,9.00,5.00,2.17,1.50,1.00,2.00,5.50,2.00,2.00,3.50,2.00,1.50,1.50,1.50,2.00
Europe,Central & Eastern Europe,Serbia,6.21,5.55,5.00,6.50,7.50,4.00,4.00,4.00,7.00,5.50,6.00,6.00,6.88,6.00,7.00,8.00,6.50,4.92,4.50,4.00,6.00,5.00,5.00,5.00,6.00,5.50,5.00,4.00,5.50,3.50
Oceania,Polynesia,Samoa,2.04,2.45,3.50,2.00,3.00,1.50,2.00,2.00,1.00,2.50,4.50,2.50,1.63,1.00,2.00,1.50,2.00,5.67,4.50,5.00,5.00,6.50,6.00,6.50,7.50,6.00,3.00,5.00,6.00,7.00
Americas,Caribbean ,St. Kitts and Nevis,4.10,3.20,3.00,2.50,5.00,1.50,2.00,2.00,1.00,7.00,7.00,1.00,5.00,1.00,6.50,6.50,6.00,5.00,6.00,5.00,6.00,6.50,7.00,4.50,6.00,5.50,2.00,2.50,4.00,5.00
Europe,Central & Eastern Europe,Hungary,4.50,4.75,6.00,6.00,3.50,3.50,4.50,3.50,4.50,5.00,5.50,5.50,4.25,1.00,4.00,7.00,5.00,5.08,4.50,3.50,5.00,5.50,5.00,6.00,7.00,5.50,4.50,4.50,6.00,4.00
Europe,Central & Eastern Europe,Montenegro,6.00,5.00,4.50,5.50,6.00,3.00,4.50,3.50,5.50,7.50,5.50,4.50,7.00,7.50,7.00,7.50,6.00,4.46,3.50,4.00,5.50,5.00,4.50,3.50,5.00,5.00,4.00,4.00,5.00,4.50
Americas,Caribbean ,Trinidad and Tobago,4.94,4.25,6.00,4.00,6.00,1.00,2.00,2.00,3.00,7.50,7.00,4.00,5.63,6.00,5.00,5.00,6.50,5.21,5.00,5.00,6.50,7.00,3.50,5.50,5.00,6.00,4.00,5.00,5.00,5.00
Europe,Central & Eastern Europe,Czech Republic,4.63,4.75,5.00,5.00,4.50,3.00,5.50,3.00,4.50,4.50,6.00,6.50,4.50,3.00,5.00,5.50,4.50,6.25,6.00,5.50,7.00,6.50,6.50,7.00,7.00,6.00,6.00,5.50,6.00,6.00
Americas,Caribbean ,Barbados,3.21,2.55,3.50,2.00,4.00,1.00,1.00,2.00,1.00,5.50,4.50,1.00,3.88,5.00,4.50,4.00,2.00,5.71,5.50,7.00,7.00,6.00,4.50,6.50,6.00,5.00,3.50,5.50,6.00,6.00
Asia,South-Eastern Asia,Laos,5.51,5.65,6.50,6.50,4.50,8.00,8.00,1.50,7.00,2.50,4.00,8.00,5.38,1.50,6.00,6.00,8.00,3.42,3.00,2.50,3.50,4.00,3.00,4.00,2.50,3.50,4.00,4.00,3.50,3.50
Oceania,Micronesia,Palau,2.94,3.00,4.00,3.00,1.50,1.00,6.50,1.50,1.50,3.00,3.00,5.00,2.88,1.00,4.00,2.00,4.50,4.54,6.50,5.50,6.00,5.50,3.00,5.00,4.00,4.50,4.00,2.00,4.00,4.50
Americas,Central America,El Salvador,5.94,5.00,7.00,6.50,7.00,5.00,5.50,1.50,1.50,7.00,7.00,2.00,6.88,9.50,6.50,7.00,4.50,3.71,2.50,3.00,5.50,5.00,2.00,3.00,5.00,4.00,2.00,4.00,4.50,4.00
Oceania,Melanesia,Vanuatu,2.20,2.40,2.50,1.50,1.50,3.00,5.50,1.50,1.50,2.00,3.00,2.00,2.00,1.00,1.00,2.50,3.50,5.33,5.00,6.00,6.00,6.50,7.00,6.50,5.00,4.00,3.50,5.00,3.50,6.00
Asia,South-Eastern Asia,Singapore,3.13,3.25,5.50,2.50,2.00,2.00,5.00,1.50,4.00,3.00,2.00,5.00,3.00,3.00,3.50,1.50,4.00,7.71,7.50,7.50,9.00,8.50,9.00,9.00,8.00,7.00,8.00,7.00,9.00,3.00
Asia,Western Asia,Jordan,4.71,4.55,6.50,5.50,6.50,3.50,3.50,1.50,3.50,3.00,6.00,6.00,4.88,1.50,7.00,6.50,4.50,5.92,7.00,5.00,8.00,6.50,4.50,7.00,6.00,6.50,4.00,4.50,6.50,5.50
Oceania,Australia and New Zealand,New Zealand,3.25,3.25,3.50,3.50,3.00,2.00,3.50,1.50,3.00,3.00,4.00,5.50,3.25,4.50,3.50,1.50,3.50,8.38,8.50,8.50,8.50,8.50,8.00,8.50,8.50,8.00,8.50,8.50,8.00,8.50
Americas,Caribbean ,Antigua and Barbuda,3.34,3.05,4.00,2.00,3.00,1.00,3.50,1.50,3.00,6.00,5.00,1.50,3.63,3.00,3.00,3.00,5.50,4.33,4.50,5.00,5.00,5.00,3.00,4.00,4.00,2.50,5.00,4.00,4.50,5.50
Europe,Central & Eastern Europe,Bosnia and Herzegovina,5.89,5.15,5.50,7.00,6.00,4.50,4.00,3.00,6.00,4.50,5.50,5.50,6.63,4.00,6.50,8.00,8.00,3.92,3.00,4.00,5.00,4.00,3.50,3.50,4.00,4.00,3.50,4.00,4.00,4.50
Europe,Central & Eastern Europe,North Macedonia,5.31,5.00,5.50,6.50,4.50,4.00,3.50,3.00,6.50,5.00,6.00,5.50,5.63,4.00,6.50,6.00,6.00,5.21,5.00,4.50,6.00,5.00,5.00,5.00,6.00,5.50,4.50,5.00,5.00,6.00
Europe,Central & Eastern Europe,Slovakia,4.69,4.25,5.50,3.50,4.50,3.50,3.00,3.00,4.50,4.50,5.00,5.50,5.13,3.00,6.00,6.50,5.00,5.38,5.50,5.00,7.00,6.50,5.00,5.50,6.00,5.00,4.50,4.50,5.00,5.00
Europe,Central & Eastern Europe,Moldova,4.45,3.90,7.50,4.00,5.00,2.50,2.00,3.00,3.00,2.50,4.50,5.00,5.00,4.00,4.00,7.00,5.00,3.71,3.50,3.50,4.50,5.00,3.00,3.50,2.00,3.50,4.00,5.00,3.00,4.00
Oceania,Micronesia,Marshall Islands,2.31,2.50,4.50,2.00,1.50,1.00,6.50,1.00,1.50,2.00,2.50,2.50,2.13,1.00,2.00,2.00,3.50,5.04,5.50,4.50,5.00,6.00,6.50,4.00,5.50,4.00,6.00,3.50,4.00,6.00
Oceania,Micronesia,Micronesia (Federated States of),3.30,2.85,5.00,3.00,1.50,1.00,6.50,1.00,1.00,3.00,3.50,3.00,3.75,1.00,5.50,3.00,5.50,5.33,6.50,5.00,5.50,5.50,5.50,6.00,6.00,4.00,4.00,4.50,5.50,6.00
Africa,Central Africa,Burundi,4.51,4.40,8.50,5.50,8.00,2.00,4.50,4.00,3.00,2.50,3.50,2.50,4.63,1.00,4.50,9.00,4.00,2.08,2.50,1.00,1.50,2.50,2.50,1.50,3.00,2.00,2.00,1.50,2.50,2.50
Africa,Central Africa,Central African Republic,7.04,5.70,7.50,4.50,8.50,6.50,8.00,9.00,1.50,1.50,3.00,7.00,8.38,9.00,8.00,8.50,8.00,1.92,1.50,1.50,3.00,2.50,2.00,1.50,1.50,2.00,1.50,3.00,1.00,2.00
Oceania,Polynesia,Tuvalu,1.54,1.70,1.50,1.00,1.00,1.00,5.00,1.00,1.00,1.50,2.50,1.50,1.38,1.00,1.00,1.50,2.00,6.04,5.50,5.50,5.00,6.50,8.00,7.00,6.50,6.00,6.00,4.50,5.00,7.00
Asia,Southern Asia,Maldives,4.06,3.50,6.00,5.50,2.00,1.00,5.00,1.00,6.00,3.50,3.00,2.00,4.63,5.00,5.00,4.00,4.50,3.88,5.00,5.00,5.00,5.00,3.00,4.00,3.00,3.50,3.00,2.00,3.00,5.00
Africa,East Africa,South Sudan,6.34,5.30,8.50,5.50,8.00,7.50,7.00,8.00,2.00,1.50,4.00,1.00,7.38,4.50,8.00,9.00,8.00,1.83,2.00,1.00,2.00,3.00,2.00,2.00,1.50,1.50,2.50,1.00,1.50,2.00
Africa,East Africa,Somalia,5.79,4.45,8.00,7.50,8.50,6.00,4.50,2.00,2.00,2.00,2.00,2.00,7.13,9.50,7.50,7.00,4.50,1.67,1.00,1.00,2.00,2.00,2.00,1.50,1.50,2.50,1.50,1.00,1.50,2.50
Americas,South America,Uruguay,2.69,2.75,3.00,2.00,2.50,1.00,3.50,1.00,2.00,5.00,4.00,3.50,2.63,1.50,4.50,2.00,2.50,7.75,8.00,9.00,9.00,7.00,7.00,8.00,7.00,7.00,8.00,7.50,7.00,8.50
Africa,North Africa,Libya,6.55,6.10,9.50,8.00,9.50,1.00,3.50,8.50,2.50,4.00,7.50,7.00,7.00,8.00,7.50,8.50,4.00,1.54,1.50,1.50,2.50,2.00,1.50,1.50,1.50,1.00,2.00,1.00,1.00,1.50
Americas,Caribbean ,Jamaica,5.91,4.20,5.00,3.00,8.50,1.50,2.00,1.00,3.00,6.00,9.00,3.00,7.63,8.00,7.50,8.00,7.00,5.46,5.00,5.50,6.50,5.50,4.00,6.00,6.50,4.50,4.50,5.00,6.00,6.50
Americas,Caribbean ,St. Vincent and the Grenadines,3.30,2.85,2.50,1.00,4.00,1.00,2.00,1.00,1.00,7.50,7.50,1.00,3.75,2.00,5.00,2.00,6.00,5.46,6.00,6.00,6.00,6.50,6.00,4.50,6.00,5.50,4.00,3.00,6.00,6.00
Europe,Central & Eastern Europe,Slovenia,4.29,3.95,4.00,5.50,3.50,2.00,3.00,2.50,4.00,4.50,5.00,5.50,4.63,3.00,4.50,6.00,5.00,6.08,6.00,5.00,6.50,6.50,6.00,6.00,7.50,6.50,5.00,6.00,6.00,6.00
Americas,Caribbean ,St. Lucia,4.09,3.05,4.00,1.50,5.00,2.00,1.00,1.00,1.00,7.00,7.00,1.00,5.13,5.00,4.00,5.50,6.00,5.63,7.50,6.50,6.50,6.50,6.00,4.50,5.50,4.00,5.50,5.00,6.00,4.00
Americas,Caribbean ,Dominica,2.63,2.75,2.50,2.50,5.00,1.00,1.00,1.00,1.00,6.00,5.00,2.50,2.50,1.00,5.00,1.50,2.50,5.08,3.50,4.00,6.00,5.00,5.00,5.50,6.00,5.00,5.00,5.00,6.00,5.00